{"cameraMode":{"drawMode":0,"name":"Shaded","section":"Shading Mode"},"sceneLighting":true,"audioPlay":false,"sceneViewState":{"m_AlwaysRefresh":false,"showFog":true,"showSkybox":true,"showFlares":true,"showImageEffects":true,"showParticleSystems":true,"showVisualEffectGraphs":true,"m_FxEnabled":true},"in2DMode":false,"pivot":{"x":10.179947853088379,"y":5.145037651062012,"z":0.1482686996459961},"rotation":{"x":0.08987458050251007,"y":0.008961922489106655,"z":-0.0008131657377816737,"w":0.995918333530426},"size":7.19886589050293,"orthographic":false}