{"cameraMode":{"drawMode":0,"name":"Shaded","section":"Shading Mode"},"sceneLighting":false,"audioPlay":false,"sceneViewState":{"m_AlwaysRefresh":false,"showFog":true,"showSkybox":false,"showFlares":true,"showImageEffects":true,"showParticleSystems":true,"showVisualEffectGraphs":true,"m_FxEnabled":true},"in2DMode":false,"pivot":{"x":0.36558815836906435,"y":2.5355238914489748,"z":4.038641929626465},"rotation":{"x":0.08687427639961243,"y":0.019425781443715097,"z":-0.0016942130168899894,"w":0.9960362911224365},"size":3.433678388595581,"orthographic":false}